pool,rank,player,label,ue_chart,ue_api,wr_chart,wr_api,n_chart,n_api,ratio_chart,ratio_api,ce_chart,ce_api,wv_chart,wv_api,band_chart,band_api
Challenger,36,A. Blockx,Solid Baseliner,20.78,16.19,16.87,14.66,4.0,78,0.812,0.906,False,False,True,False,defensive,even
Challenger,56,R. A. Burruchaga,,19.19,20.04,14.53,13.25,1.0,65,0.757,0.661,False,False,False,False,defensive,defensive
Challenger,62,I. Buse,,23.68,17.83,14.8,14.73,2.0,62,0.625,0.826,False,False,False,False,defensive,defensive
Challenger,84,D. Vallejo,,,19.04,,15.16,,51,,0.796,False,False,False,False,n/a,defensive
Challenger,86,D. Merida Aguilar,,,19.56,,15.41,,63,,0.788,False,False,False,False,n/a,defensive
Challenger,89,E. Spizzirri,,13.27,14.37,11.09,13.11,3.0,55,0.836,0.912,False,True,False,False,defensive,even
Challenger,89,P. Kypson,Big Server | All-Court Player,12.45,16.11,13.23,16.47,2.0,52,1.063,1.023,False,False,False,True,even,even
Challenger,94,M. Landaluce,Solid Baseliner,22.94,21.22,13.2,14.88,3.0,73,0.575,0.701,False,False,False,False,defensive,defensive
Challenger,109,B. Holt,,17.8,13.93,11.65,12.26,1.0,26,0.654,0.88,False,True,False,False,defensive,defensive
Challenger,109,T. Droguet,,21.0,15.31,13.0,17.1,1.0,62,0.619,1.117,False,True,False,True,defensive,attacking
Challenger,112,F. Maestrelli,Attacking Baseliner | All-Court Player,21.02,21.64,22.93,15.15,1.0,53,1.091,0.7,False,False,True,False,even,defensive
Challenger,116,D. Svrcina,Counter Puncher | All-Court Player,19.59,18.67,11.68,12.8,2.0,67,0.596,0.686,False,False,False,False,defensive,defensive
Challenger,119,J. Faria,Solid Baseliner,19.75,19.11,17.2,16.84,3.0,80,0.871,0.881,False,False,True,True,defensive,defensive
Challenger,120,H. Rocha,,29.39,17.49,8.77,12.38,2.0,70,0.298,0.708,False,False,False,False,defensive,defensive
Challenger,121,V. Gaubas,,16.76,18.95,10.06,13.29,2.0,62,0.6,0.701,False,False,False,False,defensive,defensive
Challenger,122,J. Choinski,,19.33,19.38,11.9,13.11,3.0,58,0.616,0.677,False,False,False,False,defensive,defensive
Challenger,124,N. Budkov Kjaer,,26.79,16.28,11.67,11.68,3.0,65,0.436,0.717,False,False,False,False,defensive,defensive
Challenger,128,L. Riedi,Big Server,22.56,18.5,14.23,19.41,5.0,51,0.631,1.049,False,False,False,True,defensive,even
Challenger,132,L. Draxl,Attacking Baseliner,9.23,16.11,15.0,13.39,2.0,61,1.625,0.831,False,False,False,False,attacking,defensive
Challenger,135,D. Sweeny,,,17.22,,12.91,,49,,0.75,False,False,False,False,n/a,defensive
Challenger,136,K. Jacquet,Solid Baseliner,19.22,17.31,14.76,16.69,2.0,48,0.768,0.964,False,False,False,True,defensive,even
Challenger,137,J. Pinnington Jones,,,20.55,,15.12,,31,,0.736,False,False,False,False,n/a,defensive
Challenger,138,M. Gigante,,16.6,19.18,17.41,14.3,1.0,36,1.049,0.746,False,False,True,False,even,defensive
Challenger,139,P. Llamas Ruiz,Attacking Baseliner | All-Court Player,16.89,16.65,16.89,14.43,1.0,63,1.0,0.867,False,False,True,False,even,defensive
Challenger,140,M. Echargui,Solid Baseliner,15.51,21.16,14.87,12.77,2.0,44,0.959,0.603,False,False,False,False,even,defensive
Challenger,144,U. Blanchet,Attacking Baseliner,18.43,19.62,17.13,15.93,3.0,65,0.929,0.812,False,False,True,True,even,defensive
Challenger,145,C. Smith,,18.42,20.01,17.54,14.5,1.0,56,0.952,0.724,False,False,True,False,even,defensive
Challenger,147,S. Shimabukuro,All-Court Player,24.64,21.11,7.97,18.32,1.0,64,0.323,0.868,False,False,False,True,defensive,defensive
Challenger,149,F. Meligeni Alves,,26.68,17.85,12.94,14.45,2.0,27,0.485,0.81,False,False,False,False,defensive,defensive
Challenger,153,E. Moller,,22.27,22.58,13.59,16.82,5.0,47,0.61,0.745,False,False,False,True,defensive,defensive
Challenger,155,A. Pellegrino,,16.23,17.97,10.6,15.03,2.0,61,0.653,0.837,False,False,False,False,defensive,defensive
Challenger,158,M. Lajal,,14.02,17.73,12.94,14.21,2.0,59,0.923,0.801,False,False,False,False,even,defensive
Challenger,160,L. Mikrut,,,17.4,,14.47,,24,,0.832,False,False,False,False,n/a,defensive
Challenger,163,Z. Piros,Solid Baseliner,19.56,20.28,17.36,16.03,3.0,53,0.888,0.79,False,False,True,True,defensive,defensive
Challenger,165,Z. Kolar,,19.11,23.11,15.29,15.06,2.0,56,0.8,0.651,False,False,False,False,defensive,defensive
Challenger,165,R. Jodar,Attacking Baseliner,20.05,18.84,18.81,16.53,10.0,67,0.938,0.878,False,False,True,True,even,defensive
Challenger,166,V. Sachko,,,22.7,,13.54,,51,,0.597,False,False,False,False,n/a,defensive
Challenger,166,C. Rodesch,All-Court Player,,18.86,,17.71,,34,,0.939,False,False,False,True,n/a,even
Challenger,167,A. Holmgren,Big Server,,20.63,,18.25,,68,,0.885,False,False,False,True,n/a,defensive
Challenger,180,J. C. Prado Angelo,Counter Puncher,24.73,19.93,12.61,12.47,7.0,39,0.51,0.626,False,False,False,False,defensive,defensive
Challenger,180,J. Engel,Attacking Baseliner,15.52,22.72,18.97,15.23,1.0,41,1.222,0.671,False,False,True,False,attacking,defensive
Challenger,181,A. Kachmazov,,,26.06,,15.75,,19,,0.604,False,False,False,False,n/a,defensive
Challenger,181,C. Chidekh,Attacking Baseliner,25.58,20.77,19.07,13.25,1.0,44,0.746,0.638,False,False,True,False,defensive,defensive
Challenger,182,M. Zheng,,17.74,16.07,15.4,15.51,4.0,41,0.868,0.965,False,False,False,False,defensive,even
Challenger,183,F. A. Gomez,,14.74,22.4,22.11,18.36,1.0,48,1.5,0.819,False,False,True,True,attacking,defensive
Challenger,185,A. Fery,All-Court Player,13.88,18.37,13.7,14.83,3.0,57,0.987,0.807,False,False,False,False,even,defensive
Challenger,186,A. Barrena,Counter Puncher,21.26,20.2,7.47,11.66,2.0,21,0.351,0.577,False,False,False,False,defensive,defensive
Challenger,187,J. Kym,Big Server,15.35,19.42,13.86,17.06,1.0,51,0.903,0.878,False,False,False,True,even,defensive
Challenger,192,A. Galarneau,Solid Baseliner | All-Court Player,14.41,20.08,13.07,14.01,4.0,62,0.907,0.698,False,False,False,False,even,defensive
Challenger,196,D. Glinka,Big Server,,21.56,,13.13,,46,,0.609,False,False,False,False,n/a,defensive
Challenger,196,G. Cadenasso,,,22.56,,15.06,,28,,0.668,False,False,False,False,n/a,defensive
Challenger,197,F. Sun,,,17.7,,12.39,,44,,0.7,False,False,False,False,n/a,defensive
Challenger,200,S. Sakellaridis,Attacking Baseliner,17.88,19.17,17.6,13.89,3.0,56,0.984,0.724,False,False,True,False,even,defensive
Challenger,200,R. Sakamoto,Big Server,16.25,21.32,19.28,17.39,2.0,64,1.186,0.816,False,False,True,True,attacking,defensive
Challenger,203,J. P. Ficovich,,15.0,15.15,8.75,12.26,1.0,48,0.583,0.809,False,True,False,False,defensive,defensive
Challenger,204,R. Noguchi,,16.48,17.1,7.69,12.78,1.0,46,0.467,0.747,False,False,False,False,defensive,defensive
Challenger,205,G. A. Bailly,,15.09,17.85,8.89,12.54,2.0,31,0.589,0.702,False,False,False,False,defensive,defensive
Challenger,206,C. Tabur,All-Court Player,,19.05,,15.91,,52,,0.835,False,False,False,True,n/a,defensive
Challenger,207,J. Clarke,Counter Puncher,15.29,14.61,10.19,13.7,1.0,49,0.666,0.938,False,True,False,False,defensive,even
Challenger,207,J. Reis Da Silva,,,23.75,,14.21,,38,,0.598,False,False,False,False,n/a,defensive
Challenger,209,G. Heide,,,18.26,,15.16,,44,,0.831,False,False,False,False,n/a,defensive
Challenger,209,G. Loffhagen,Big Server,,22.52,,16.91,,26,,0.751,False,False,False,True,n/a,defensive
Challenger,212,L. Giustino,Attacking Baseliner,19.52,20.52,18.02,13.74,2.0,34,0.923,0.67,False,False,True,False,even,defensive
Challenger,215,G. Bueno,,,18.94,,12.34,,42,,0.652,False,False,False,False,n/a,defensive
Challenger,215,M. Cassone,,23.32,19.98,16.58,14,1.0,41,0.711,0.701,False,False,True,False,defensive,defensive
Challenger,218,R. Peniston,,,21.56,,10.86,,14,,0.503,False,False,False,False,n/a,defensive
Challenger,218,L. Pavlovic,Big Server,22.38,23.12,12.59,18.85,1.0,42,0.563,0.815,False,False,False,True,defensive,defensive
Challenger,220,N. Fatic,All-Court Player,,17.9,,15.76,,40,,0.881,False,False,False,True,n/a,defensive
Challenger,223,D. Popko,,18.49,19,8.47,9.86,4.0,18,0.458,0.519,False,False,False,False,defensive,defensive
Challenger,225,F. Cina,Solid Baseliner,16.44,19.99,16.22,14.84,4.0,50,0.987,0.742,False,False,True,False,even,defensive
Challenger,227,D. Added,,,19.59,,13.47,,31,,0.687,False,False,False,False,n/a,defensive
Challenger,229,R. Pacheco Mendez,Attacking Baseliner,11.3,19.07,15.22,12.29,1.0,29,1.347,0.644,False,False,False,False,attacking,defensive
Challenger,230,L. Neumayer,,18.23,19.25,9.12,14.26,2.0,69,0.5,0.741,False,False,False,False,defensive,defensive
Challenger,230,A. Guillen Meza,,20.71,20.51,13.04,12.11,3.0,33,0.63,0.59,False,False,False,False,defensive,defensive
Challenger,231,O. Crawford,All-Court Player,,18.52,,14.78,,35,,0.798,False,False,False,False,n/a,defensive
Challenger,231,M. Dodig,,,22.45,,16.38,,44,,0.73,False,False,False,True,n/a,defensive
Challenger,233,J. McCabe,Big Server | Attacking Baseliner,16.45,19.11,16.45,15.83,1.0,52,1.0,0.828,False,False,True,True,even,defensive
Challenger,233,L. Midon,,,21.76,,14.21,,47,,0.653,False,False,False,False,n/a,defensive
Challenger,233,J. Monday,Big Server | All-Court Player,,20.72,,16.57,,27,,0.8,False,False,False,True,n/a,defensive
Challenger,235,T. Skatov,,20.45,16.28,9.76,11.88,3.0,78,0.477,0.73,False,False,False,False,defensive,defensive
Challenger,238,F. Ferreira Silva,,,19.02,,10.83,,40,,0.569,False,False,False,False,n/a,defensive
Challenger,241,A. Gea,,,18.77,,13.98,,45,,0.745,False,False,False,False,n/a,defensive
Challenger,242,A. Moro Canas,,17.03,19.92,11.62,13.56,2.0,73,0.682,0.681,False,False,False,False,defensive,defensive
Challenger,245,M. Houkes,Attacking Baseliner | All-Court Player,20.92,20.33,21.76,15.27,2.0,29,1.04,0.751,False,False,True,False,even,defensive
Challenger,248,A. Guerrieri,,,19.14,,13.71,,53,,0.717,False,False,False,False,n/a,defensive
Challenger,248,Y. Zhou,Attacking Baseliner,14.75,20.26,20.22,15.55,1.0,39,1.371,0.767,False,False,True,False,attacking,defensive
Challenger,251,D. Michalski,,13.18,15.75,13.57,9.97,2.0,35,1.03,0.633,False,True,False,False,even,defensive
Challenger,254,F. Bax,,,17.51,,15.96,,25,,0.912,False,False,False,True,n/a,even
Challenger,254,J. J. Schwaerzler,,,21,,16.62,,59,,0.792,False,False,False,True,n/a,defensive
Challenger,255,R. Bertola,,,21.91,,17.07,,53,,0.779,False,False,False,True,n/a,defensive
Challenger,257,T. Boyer,All-Court Player,,18.51,,14.94,,65,,0.807,False,False,False,False,n/a,defensive
Challenger,260,I. Gakhov,Attacking Baseliner,18.42,22.17,17.89,15.24,1.0,26,0.971,0.688,False,False,True,False,even,defensive
Challenger,261,T. Samuel,,,21.33,,15.02,,42,,0.704,False,False,False,False,n/a,defensive
Challenger,266,G. Onclin,,,17.85,,13.81,,41,,0.774,False,False,False,False,n/a,defensive
Challenger,270,A. Andrade,,,25.74,,15.32,,41,,0.595,False,False,False,False,n/a,defensive
Challenger,274,E. Butvilas,,,20.98,,15.88,,47,,0.757,False,False,False,True,n/a,defensive
Challenger,275,P. Boscardin Dias,,,23.17,,13.2,,37,,0.57,False,False,False,False,n/a,defensive
Challenger,277,B. Zhukayev,Big Server | Attacking Baseliner,24.48,20.13,22.82,18.05,1.0,56,0.932,0.897,False,False,True,True,even,defensive
Challenger,278,F. C. Jianu,,18.18,15.59,12.73,11.68,1.0,36,0.7,0.749,False,True,False,False,defensive,defensive
Challenger,278,H. Squire,Attacking Baseliner,19.28,22.03,21.9,17.49,1.0,55,1.136,0.794,False,False,True,True,attacking,defensive
Challenger,279,A. Shelbayh,Attacking Baseliner,19.93,22.59,17.57,14.06,2.0,41,0.882,0.622,False,False,True,False,defensive,defensive
Challenger,280,K. Sell,,16.0,24.11,13.67,11.36,9.0,10,0.854,0.471,False,False,False,False,defensive,defensive
Challenger,282,M. Topo,,,22.05,,14.08,,22,,0.639,False,False,False,False,n/a,defensive
Challenger,285,Dar. Blanch,,16.56,24.19,14.11,17.09,1.0,49,0.852,0.707,False,False,False,True,defensive,defensive
Challenger,288,D. Ajdukovic,Attacking Baseliner,19.65,20.98,17.34,15.51,1.0,51,0.882,0.739,False,False,True,False,defensive,defensive
Challenger,288,J. K. Trotter,Big Server,27.03,21.58,13.51,17.18,1.0,32,0.5,0.796,False,False,False,True,defensive,defensive
Challenger,289,S. Purtseladze,Big Server,,27.72,,14.21,,16,,0.512,False,False,False,False,n/a,defensive
Challenger,289,T. Gentzsch,,,20.5,,15.52,,39,,0.757,False,False,False,False,n/a,defensive
Challenger,294,T. Zink,,,18.9,,16.3,,34,,0.862,False,False,False,True,n/a,defensive
Challenger,296,F. Mena,All-Court Player,37.17,21.98,9.73,17.92,1.0,37,0.262,0.815,False,False,False,True,defensive,defensive
Challenger,299,S. Kopp,,,19.02,,14.52,,28,,0.763,False,False,False,False,n/a,defensive
Challenger,300,M. Soto,,,25.45,,13.18,,19,,0.518,False,False,False,False,n/a,defensive
Challenger,302,R. Bertrand,,18.75,24.17,5.21,10.42,1.0,30,0.278,0.431,False,False,False,False,defensive,defensive
Challenger,304,H. Barton,,,20.44,,18.1,,45,,0.885,False,False,False,True,n/a,defensive
Challenger,304,T. Pereira,,,24.23,,12.38,,30,,0.511,False,False,False,False,n/a,defensive
Challenger,309,D. Rincon,,24.75,20.5,11.88,13.11,1.0,38,0.48,0.639,False,False,False,False,defensive,defensive
Challenger,310,M. Krumich,,,20.59,,13.5,,55,,0.656,False,False,False,False,n/a,defensive
Challenger,312,H. Wendelken,,15.04,20.29,12.14,11.03,2.0,38,0.807,0.544,False,False,False,False,defensive,defensive
Challenger,315,C. Broom,,15.71,16.9,9.95,14.61,1.0,31,0.633,0.864,False,False,False,False,defensive,defensive
Challenger,316,C. Sanchez Jover,,,18.89,,13.28,,39,,0.703,False,False,False,False,n/a,defensive
Challenger,316,C. Hemery,All-Court Player,,20.3,,15.84,,51,,0.78,False,False,False,True,n/a,defensive
Challenger,317,M. A. Dellien Velasco,,,23.46,,10.64,,38,,0.453,False,False,False,False,n/a,defensive
Challenger,319,M. Martineau,Big Server | Attacking Baseliner | All-Court Player,23.4,17.97,20.74,15.02,1.0,47,0.886,0.836,False,False,True,False,defensive,defensive
Challenger,322,M. Damas,,,23.36,,13.8,,39,,0.591,False,False,False,False,n/a,defensive
Challenger,327,O. Jasika,,16.32,19.63,9.47,9.88,1.0,30,0.58,0.504,False,False,False,False,defensive,defensive
Challenger,328,M. Erhard,,,20.53,,13.18,,33,,0.642,False,False,False,False,n/a,defensive
Challenger,330,G. Hussey,,,19.93,,13.68,,41,,0.686,False,False,False,False,n/a,defensive
Challenger,330,A. Ramos,,18.41,16.12,12.22,10.81,25.0,24,0.664,0.671,False,False,False,False,defensive,defensive
Challenger,335,O. Tarvet,Solid Baseliner,6.94,13.85,9.83,14.09,1.0,15,1.416,1.018,False,True,False,False,attacking,even
Challenger,340,S. Fomin,,21.47,22.69,11.54,14.59,2.0,33,0.537,0.643,False,False,False,False,defensive,defensive
Challenger,340,H. Stewart,Big Server,,21.08,,16.45,,26,,0.78,False,False,False,True,n/a,defensive
Challenger,345,L. Castelnuovo,Big Server | All-Court Player,,22.36,,14.93,,12,,0.668,False,False,False,False,n/a,defensive
Challenger,346,M. Poljicak,Solid Baseliner,19.63,20,15.26,15.88,2.0,32,0.777,0.794,False,False,False,True,defensive,defensive
Challenger,348,D. Dedura,,,21.81,,12.06,,42,,0.553,False,False,False,False,n/a,defensive
Challenger,353,Y. Shimizu,,,23.99,,14.59,,36,,0.608,False,False,False,False,n/a,defensive
Challenger,353,H. Searle,All-Court Player,21.72,20.7,11.89,16.42,1.0,26,0.547,0.793,False,False,False,True,defensive,defensive
Challenger,354,K. Feldbausch,Attacking Baseliner,14.29,19.74,16.96,12.13,1.0,28,1.187,0.614,False,False,True,False,attacking,defensive
Challenger,355,A. Ghibaudo,,,19.38,,13.58,,37,,0.7,False,False,False,False,n/a,defensive
Challenger,357,P. Sekulic,,,22.19,,14.58,,26,,0.657,False,False,False,False,n/a,defensive
Challenger,359,A. Soriano Barrera,Big Server,,20.52,,14.59,,20,,0.711,False,False,False,False,n/a,defensive
Challenger,362,G. Blancaneaux,,,17.97,,14.72,,38,,0.819,False,False,False,False,n/a,defensive
Challenger,365,D. Masur,Attacking Baseliner,8.51,20.34,27.66,18.03,1.0,29,3.25,0.886,False,False,True,True,attacking,defensive
Challenger,371,F. Gill,,,18.14,,13.64,,31,,0.752,False,False,False,False,n/a,defensive
Challenger,375,T. Faurel,,,16.53,,11.76,,27,,0.712,False,False,False,False,n/a,defensive
Challenger,380,J. Cui,,,18.24,,11.89,,24,,0.652,False,False,False,False,n/a,defensive
Challenger,384,R. Brancaccio,Attacking Baseliner,12.84,20.31,22.02,15.76,1.0,44,1.715,0.776,False,False,True,True,attacking,defensive
Challenger,385,D. Dutra Da Silva,,21.94,24.07,12.7,12.11,3.0,33,0.579,0.503,False,False,False,False,defensive,defensive
Challenger,387,M. Alcala Gurri,,,17.09,,10.99,,26,,0.643,False,False,False,False,n/a,defensive
Challenger,394,D. Jorda Sanchis,All-Court Player,,22.34,,14.92,,53,,0.668,False,False,False,False,n/a,defensive
Challenger,399,K. Sultanov,,,21.44,,13.97,,13,,0.651,False,False,False,False,n/a,defensive
Challenger,402,P. Zahraj,,,25.82,,14.57,,30,,0.564,False,False,False,False,n/a,defensive
Challenger,408,M. Alkaya,Big Server,,17.03,,13.47,,20,,0.791,False,False,False,False,n/a,defensive
Challenger,409,M. Kasnikowski,Solid Baseliner,17.92,16.7,13.21,13.84,1.0,51,0.737,0.829,False,False,False,False,defensive,defensive
Challenger,412,F. Arnaboldi,,22.73,21.08,16.36,13.54,1.0,43,0.72,0.642,False,False,True,False,defensive,defensive
Challenger,435,O. Prihodko,,,23.87,,15.23,,31,,0.638,False,False,False,False,n/a,defensive
Challenger,442,M. Wiskandt,,,21.92,,13.68,,32,,0.624,False,False,False,False,n/a,defensive
Challenger,448,S. Napolitano,Attacking Baseliner,13.0,16.96,20.0,12.95,1.0,49,1.538,0.764,False,False,True,False,attacking,defensive
Challenger,449,Y. Erel,,,21.75,,13.07,,8,,0.601,False,False,False,False,n/a,defensive
Challenger,469,I. Marcondes,All-Court Player,,22.12,,20.27,,21,,0.916,False,False,False,True,n/a,even
Challenger,472,M. Schoenhaus,Solid Baseliner,32.14,24.47,15.48,19.26,1.0,17,0.482,0.787,False,False,False,True,defensive,defensive
Challenger,485,A. Sanchez Quilez,,,21.06,,13.4,,27,,0.636,False,False,False,False,n/a,defensive
Challenger,489,E. Vasa,,,24.95,,16.25,,28,,0.651,False,False,False,True,n/a,defensive
Challenger,496,A. Ritschard,,20.37,21,14.81,15.44,1.0,28,0.727,0.735,False,False,False,False,defensive,defensive
Challenger,501,N. Arseneault,,15.23,21.92,9.93,11.44,1.0,9,0.652,0.522,False,False,False,False,defensive,defensive
Challenger,504,T. Colson,Big Server,,20.88,,16.78,,23,,0.803,False,False,False,True,n/a,defensive
Challenger,507,S. Palosi,,,24.32,,14.87,,26,,0.612,False,False,False,False,n/a,defensive
Challenger,510,H. Bernet,,,22.89,,14.5,,17,,0.633,False,False,False,False,n/a,defensive
Challenger,521,D. Suresh,Big Server | Attacking Baseliner,14.87,21.54,21.93,18.92,2.0,14,1.475,0.879,False,False,True,True,attacking,defensive
Challenger,533,L. Borg,,21.21,15.9,15.15,10.12,3.0,6,0.714,0.636,False,False,False,False,defensive,defensive
Challenger,534,T. Torres,,,20.45,,13.54,,12,,0.662,False,False,False,False,n/a,defensive
Challenger,548,M. Alves,,14.06,25.21,13.75,14.01,2.0,14,0.978,0.556,False,False,False,False,even,defensive
Challenger,549,E. Kirkin,,23.13,19.36,14.93,14.81,1.0,18,0.645,0.765,False,False,False,False,defensive,defensive
Challenger,558,M. H. Rehberg,Attacking Baseliner,12.74,17.76,16.51,14.4,2.0,29,1.296,0.81,False,False,True,False,attacking,defensive
Challenger,623,M. Rottgering,,17.84,24.24,9.19,13.67,2.0,9,0.515,0.564,False,False,False,False,defensive,defensive
Challenger,653,C. Hewitt,,,24.54,,13.16,,10,,0.536,False,False,False,False,n/a,defensive
Challenger,676,I. Radulov,,,23.03,,14.2,,2,,0.616,False,False,False,False,n/a,defensive
Challenger,696,N. Moreno De Alboran,,19.76,14.07,16.21,13.87,1.0,44,0.82,0.985,False,True,True,False,defensive,even
Challenger,728,M. Guinard,,,21.67,,17.37,,12,,0.802,False,False,False,True,n/a,defensive
Challenger,772,F. Rocha,All-Court Player,,25.08,,11.88,,8,,0.474,False,False,False,False,n/a,defensive
Challenger,781,J. Domingues,,,16.8,,8.01,,4,,0.477,False,False,False,False,n/a,defensive
Challenger,833,M. Kouame,Solid Baseliner,20.39,19.6,12.5,14.66,2.0,22,0.613,0.748,False,False,False,False,defensive,defensive
Challenger,836,R. Te,,,28.32,,14.71,,8,,0.519,False,False,False,False,n/a,defensive
Challenger,865,A. Wang,Big Server,,20.91,,13.51,,7,,0.646,False,False,False,False,n/a,defensive
Challenger,892,O. Luz,,,21.75,,21.75,,3,,1,False,False,False,True,n/a,even
Challenger,895,A. Vales,,,25.53,,10.59,,12,,0.415,False,False,False,False,n/a,defensive
Challenger,921,A. Rai,,,24.88,,12.68,,2,,0.509,False,False,False,False,n/a,defensive
Challenger,1020,A. Andreev,,16.91,18.99,13.69,12.71,6.0,9,0.81,0.669,False,False,False,False,defensive,defensive
Challenger,1046,R. Seggerman,Big Server,26.5,22.49,21.37,20.05,1.0,19,0.806,0.891,False,False,True,True,defensive,defensive
Challenger,1075,N. McDonald,,16.07,23.23,10.12,13.16,1.0,11,0.63,0.566,False,False,False,False,defensive,defensive
Challenger,1210,D. Cukierman,All-Court Player,,27.82,,14.26,,8,,0.513,False,False,False,False,n/a,defensive
Challenger,1380,A. Hernandez,,,19.36,,8.5,,21,,0.439,False,False,False,False,n/a,defensive
Tour,1,C. Alcaraz,All-Court Player,17.64,15.58,19.71,17.84,221.0,142,1.117,1.145,False,True,True,True,attacking,attacking
Tour,2,J. Sinner,All-Court Player,16.88,12.85,17.06,17.47,297.0,162,1.011,1.359,False,True,True,True,even,attacking
Tour,3,A. Zverev,Solid Baseliner | All-Court Player,16.99,13.83,18.37,17.09,195.0,176,1.081,1.236,False,True,True,True,even,attacking
Tour,4,N. Djokovic,Counter Puncher,15.64,13.34,15.89,16.1,550.0,92,1.016,1.207,True,True,True,True,even,attacking
Tour,5,F. Auger-Aliassime,Big Server | All-Court Player,19.53,16.2,19.13,17.52,102.0,126,0.98,1.081,False,False,True,True,even,even
Tour,6,A. De Minaur,Counter Puncher,16.85,15.42,13.65,12.7,139.0,144,0.81,0.824,False,True,False,False,defensive,defensive
Tour,7,L. Musetti,,15.95,12.62,15.3,13.98,124.0,126,0.959,1.108,True,True,False,False,even,attacking
Tour,9,T. Fritz,Big Server | Attacking Baseliner,15.99,12.84,19.28,18.13,128.0,143,1.206,1.412,True,True,True,True,attacking,attacking
Tour,9,B. Shelton,,19.83,15.68,18.6,17.87,44.0,138,0.938,1.14,False,True,True,True,even,attacking
Tour,10,J. Draper,Attacking Baseliner,14.46,13.8,18.35,17.17,29.0,82,1.269,1.245,True,True,True,True,attacking,attacking
Tour,11,A. Bublik,Big Server | Attacking Baseliner,20.43,15.58,22.42,18.88,99.0,115,1.097,1.212,False,True,True,True,even,attacking
Tour,12,C. Ruud,Solid Baseliner,15.41,13.65,17.52,15.69,170.0,120,1.137,1.149,True,True,True,False,attacking,attacking
Tour,13,D. Medvedev,Solid Baseliner,15.84,14.89,17.41,14.65,284.0,134,1.099,0.984,True,True,True,False,even,even
Tour,14,A. Davidovich Fokina,Counter Puncher,21.3,16.26,16.16,15.04,56.0,105,0.759,0.925,False,False,True,False,defensive,even
Tour,15,H. Rune,Attacking Baseliner,18.53,14.8,18.76,16.73,66.0,88,1.012,1.13,False,True,True,True,even,attacking
Tour,16,A. Rublev,Attacking Baseliner,15.34,14.65,20.16,16.53,176.0,126,1.314,1.128,True,True,True,True,attacking,attacking
Tour,17,K. Khachanov,Solid Baseliner,17.27,14.82,17.17,15.03,79.0,123,0.994,1.014,False,True,True,False,even,even
Tour,18,J. Mensik,Big Server | Solid Baseliner | All-Court Player,19.44,17.6,18.76,17.84,30.0,115,0.965,1.014,False,False,True,True,even,even
Tour,19,J. Lehecka,Attacking Baseliner | All-Court Player,20.01,16.96,21.82,17.06,61.0,104,1.09,1.006,False,False,True,True,even,even
Tour,20,T. Paul,All-Court Player,17.98,15.88,17.62,16.09,77.0,120,0.98,1.013,False,True,True,True,even,even
Tour,21,F. Cerundolo,,22.35,18.17,17.3,15.43,42.0,131,0.774,0.849,False,False,True,False,defensive,defensive
Tour,21,A. Fils,Attacking Baseliner,21.31,18.29,21.66,16.5,70.0,97,1.016,0.902,False,False,True,True,even,even
Tour,22,F. Cobolli,,19.74,16.81,15.21,15.76,24.0,135,0.771,0.938,False,False,False,True,defensive,even
Tour,25,T. Griekspoor,,17.42,15.81,18.03,17.44,116.0,111,1.035,1.103,False,True,True,True,even,attacking
Tour,25,L. Darderi,Solid Baseliner,15.63,14.43,17.42,14.14,12.0,113,1.115,0.98,True,True,True,False,attacking,even
Tour,26,L. Tien,,18.87,16.8,15.75,14.02,23.0,98,0.835,0.835,False,False,False,False,defensive,defensive
Tour,27,A. Rinderknech,Big Server | Attacking Baseliner | All-Court Player,18.1,15.84,20.4,18.3,22.0,115,1.127,1.156,False,True,True,True,attacking,attacking
Tour,28,C. Norrie,,17.85,15.15,15.31,13.77,48.0,103,0.858,0.909,False,True,False,False,defensive,even
Tour,29,J. Fonseca,Attacking Baseliner,18.4,15.9,21.19,16.1,53.0,73,1.152,1.012,False,True,True,True,attacking,even
Tour,30,F. Tiafoe,Solid Baseliner,17.47,13.62,16.68,15.94,56.0,114,0.955,1.17,False,True,True,True,even,attacking
Tour,31,V. Vacherot,,16.54,14.53,15.39,14.75,10.0,57,0.93,1.016,False,True,False,False,even,even
Tour,33,B. Nakashima,Attacking Baseliner,15.36,12.65,18.31,15.53,40.0,126,1.192,1.228,True,True,True,False,attacking,attacking
Tour,35,C. Moutet,Counter Puncher,17.09,14.52,14.65,14.66,22.0,105,0.857,1.01,False,True,False,False,defensive,even
Tour,35,A. Tabilo,Solid Baseliner,17.51,14.59,16.98,15.37,23.0,113,0.97,1.054,False,True,True,False,even,even
Tour,36,U. Humbert,Attacking Baseliner,18.68,16.67,21.5,16.12,58.0,107,1.151,0.967,False,False,True,True,attacking,even
Tour,37,D. Shapovalov,Attacking Baseliner,21.29,19.04,21.7,17,89.0,88,1.019,0.893,False,False,True,True,even,defensive
Tour,38,J. Munar,Counter Puncher,14.4,12.79,13.52,13.08,38.0,94,0.939,1.023,True,True,False,False,even,even
Tour,39,Z. Bergs,Solid Baseliner,18.71,18.14,18.88,16.15,18.0,112,1.009,0.89,False,False,True,True,even,defensive
Tour,40,G. Diallo,,22.26,19.78,19.08,16.59,14.0,97,0.857,0.839,False,False,True,True,defensive,defensive
Tour,41,T. Machac,Solid Baseliner,18.34,16.78,18.84,15.97,31.0,87,1.027,0.952,False,False,True,True,even,even
Tour,42,A. Michelsen,Solid Baseliner,14.48,15.71,17.21,14.9,17.0,125,1.189,0.948,True,True,True,False,attacking,even
Tour,44,M. Navone,Counter Puncher,19.72,17.32,10.98,10.94,12.0,96,0.557,0.631,False,False,False,False,defensive,defensive
Tour,45,A. Mannarino,,18.6,15.88,13.48,11.82,70.0,114,0.725,0.744,False,True,False,False,defensive,defensive
Tour,46,S. Korda,Solid Baseliner,19.19,14.91,17.43,16.53,49.0,83,0.908,1.109,False,True,True,True,even,attacking
Tour,47,M. Cilic,Big Server | Solid Baseliner,20.26,18.36,19.0,17.92,84.0,57,0.938,0.976,False,False,True,True,even,even
Tour,47,G. Dimitrov,Solid Baseliner | All-Court Player,17.97,15.24,17.62,17.74,174.0,82,0.981,1.164,False,True,True,True,even,attacking
Tour,48,E. Quinn,Solid Baseliner,20.29,17.26,16.95,17.48,10.0,85,0.835,1.013,False,False,True,True,defensive,even
Tour,49,F. Marozsan,Attacking Baseliner,18.5,16.37,22.19,15.36,24.0,104,1.199,0.938,False,False,True,False,attacking,even
Tour,51,T. Atmane,Attacking Baseliner,29.67,18.21,22.97,16.43,1.0,78,0.774,0.902,False,False,True,True,defensive,even
Tour,52,N. Borges,,17.94,17.14,13.85,14.69,17.0,105,0.772,0.857,False,False,False,False,defensive,defensive
Tour,53,H. Hurkacz,Big Server,17.62,15.49,18.2,18.26,320.0,72,1.033,1.179,False,True,True,True,even,attacking
Tour,54,B. Van De Zandschulp,,21.03,17.89,16.15,15.22,111.0,108,0.768,0.851,False,False,True,False,defensive,defensive
Tour,55,V. Kopriva,Counter Puncher,19.95,17.76,13.87,13.79,3.0,80,0.695,0.777,False,False,False,False,defensive,defensive
Tour,57,M. Fucsovics,Counter Puncher,19.51,17.73,13.43,14.45,42.0,75,0.688,0.815,False,False,False,False,defensive,defensive
Tour,57,T. M. Etcheverry,,15.48,12.65,15.73,12.92,24.0,112,1.016,1.021,True,True,False,False,even,even
Tour,58,G. Mpetshi Perricard,Big Server | Attacking Baseliner,18.76,15.49,28.35,21.24,29.0,101,1.511,1.372,False,True,True,True,attacking,attacking
Tour,59,K. Majchrzak,Solid Baseliner,14.29,13.79,15.21,14.12,6.0,78,1.064,1.023,False,True,False,False,even,even
Tour,59,Y. Hanfmann,Solid Baseliner,18.71,16.69,18.71,17.23,15.0,108,1.0,1.032,False,False,True,True,even,even
Tour,60,R. Opelka,Big Server | Attacking Baseliner,20.15,19.23,25.43,21.95,57.0,70,1.262,1.141,False,False,True,True,attacking,attacking
Tour,60,A. Popyrin,Attacking Baseliner,18.13,15.68,19.91,17.86,34.0,99,1.098,1.139,False,True,True,True,even,attacking
Tour,61,C. Ugo Carabelli,,16.63,16.1,11.52,12.64,9.0,81,0.693,0.785,False,False,False,False,defensive,defensive
Tour,63,J. Brooksby,Counter Puncher | All-Court Player,16.05,15.61,12.66,13.68,30.0,62,0.789,0.876,False,True,False,False,defensive,defensive
Tour,63,A. Cazaux,,17.76,15.94,18.2,16.72,12.0,58,1.025,1.049,False,True,True,True,even,even
Tour,64,D. Altmaier,Solid Baseliner,19.03,15.93,17.36,15.47,22.0,100,0.912,0.971,False,True,True,False,even,even
Tour,65,S. Baez,Counter Puncher,20.0,16.29,14.51,12.78,50.0,100,0.726,0.784,False,False,False,False,defensive,defensive
Tour,66,L. Sonego,Attacking Baseliner | All-Court Player,17.67,14.41,18.18,16.25,44.0,100,1.029,1.128,False,True,True,True,even,attacking
Tour,67,H. Medjedovic,Attacking Baseliner,21.99,17.44,20.95,18.97,10.0,83,0.953,1.088,False,False,True,True,even,even
Tour,68,G. Monfils,Solid Baseliner,18.23,15.07,16.92,16.14,134.0,67,0.928,1.071,False,True,True,True,even,even
Tour,69,T. A. Tirante,,19.32,17.33,12.31,16.67,3.0,85,0.637,0.962,False,False,False,True,defensive,even
Tour,70,M. Kecmanovic,Solid Baseliner,14.24,12.97,14.52,13.93,48.0,104,1.02,1.074,True,True,False,False,even,even
Tour,71,V. Royer,,19.17,15.84,15.96,15.07,5.0,79,0.833,0.951,False,True,True,False,defensive,even
Tour,72,J. M. Cerundolo,,17.85,16.43,10.16,15.04,7.0,77,0.569,0.915,False,False,False,False,defensive,even
Tour,75,S. Tsitsipas,All-Court Player,16.54,15.87,18.12,17.04,200.0,96,1.096,1.074,False,True,True,True,even,even
Tour,77,M. Giron,Solid Baseliner,17.18,14.52,15.22,13.91,30.0,109,0.886,0.958,False,True,False,False,defensive,even
Tour,78,M. Trungelliti,Counter Puncher,21.4,18.36,12.18,14.97,2.0,68,0.569,0.816,False,False,False,False,defensive,defensive
Tour,79,F. Misolic,Solid Baseliner,14.87,15.57,15.93,14.56,5.0,57,1.071,0.935,False,True,True,False,even,even
Tour,79,D. Prizmic,,16.89,17.09,13.56,14.7,5.0,65,0.803,0.86,False,False,False,False,defensive,defensive
Tour,80,M. Bellucci,,19.42,19.1,15.14,15.34,10.0,102,0.78,0.803,False,False,False,False,defensive,defensive
Tour,82,S. Ofner,Solid Baseliner,22.37,18.64,17.39,17.94,9.0,86,0.777,0.962,False,False,True,True,defensive,even
Tour,83,J-L. Struff,Attacking Baseliner | All-Court Player,17.48,16.68,20.74,17.6,47.0,101,1.186,1.055,False,False,True,True,attacking,even
Tour,84,R. Collignon,,18.78,15.24,14.91,15.01,6.0,61,0.794,0.985,False,True,False,False,defensive,even
Tour,85,A. Shevchenko,,19.8,17.04,15.34,14.27,20.0,108,0.775,0.837,False,False,False,False,defensive,defensive
Tour,86,J. Duckworth,Attacking Baseliner,17.33,18.39,17.89,14.82,10.0,97,1.032,0.806,False,False,True,False,even,defensive
Tour,87,D. Dzumhur,Counter Puncher,20.35,16.26,14.13,12.76,12.0,84,0.694,0.784,False,False,False,False,defensive,defensive
Tour,90,Z. Svajda,,13.13,14.37,13.13,15.71,3.0,88,1.0,1.093,False,True,False,False,even,even
Tour,91,P. Carreno-Busta,,16.05,15.43,15.54,13.6,42.0,71,0.968,0.881,False,True,False,False,even,defensive
Tour,91,Q. Halys,Big Server | Attacking Baseliner,19.06,16.75,25.2,19.81,13.0,102,1.322,1.182,False,False,True,True,attacking,attacking
Tour,94,R. Safiullin,Solid Baseliner,22.56,16.33,17.39,16.33,15.0,92,0.771,1,False,False,True,True,defensive,even
Tour,95,L. Djere,Solid Baseliner,22.1,19.23,16.86,13.76,31.0,60,0.763,0.716,False,False,True,False,defensive,defensive
Tour,95,A. Kovacevic,Attacking Baseliner,18.97,16.44,18.15,17.89,12.0,113,0.957,1.088,False,False,True,True,even,even
Tour,96,R. Hijikata,Attacking Baseliner,16.72,15,18.37,14.83,12.0,113,1.099,0.989,False,True,True,False,even,even
Tour,97,T. Schoolkate,,17.49,16.3,15.03,16.6,3.0,82,0.859,1.018,False,False,False,True,defensive,even
Tour,97,L. van Assche,,13.55,15.78,16.17,12.68,7.0,82,1.193,0.804,False,True,True,False,attacking,defensive
Tour,98,R. Bautista-Agut,,15.39,14.46,13.93,11.68,79.0,100,0.905,0.808,True,True,False,False,even,defensive
Tour,98,C. Taberner,Counter Puncher,14.87,17.26,10.13,11.52,2.0,30,0.681,0.668,False,False,False,False,defensive,defensive
Tour,99,A. Vukic,Attacking Baseliner,19.26,15.22,18.84,15.93,14.0,126,0.978,1.047,False,True,True,True,even,even
Tour,100,M. Berrettini,Big Server,19.34,16.05,21.23,17.52,94.0,86,1.098,1.092,False,False,True,True,even,even
Tour,101,B. Bonzi,Solid Baseliner,16.39,16.38,15.63,15.23,11.0,82,0.954,0.93,False,False,False,False,even,even
Tour,102,J. De Jong,Attacking Baseliner | All-Court Player,16.11,15.82,17.5,17.67,34.0,97,1.086,1.117,False,True,True,True,even,attacking
Tour,103,A. Walton,,11.05,14.38,11.61,13.83,2.0,105,1.051,0.962,False,True,False,False,even,even
Tour,104,C. Garin,Counter Puncher,20.61,17.33,15.48,13.54,27.0,65,0.751,0.781,False,False,False,False,defensive,defensive
Tour,105,A. Muller,,19.73,15.6,14.6,12.88,13.0,93,0.74,0.826,False,True,False,False,defensive,defensive
Tour,106,M. Arnaldi,Solid Baseliner,20.96,16.4,18.62,15.96,21.0,97,0.888,0.973,False,False,True,True,defensive,even
Tour,107,B. Coric,,19.44,15.8,15.05,13.75,52.0,38,0.774,0.87,False,True,False,False,defensive,defensive
Tour,108,E. Nava,Attacking Baseliner,23.69,22.33,19.84,18.53,5.0,75,0.837,0.83,False,False,True,True,defensive,defensive
Tour,113,J. Thompson,Solid Baseliner,16.95,14.13,16.46,15.02,29.0,59,0.971,1.063,False,True,True,False,even,even
Tour,114,F. Comesana,Attacking Baseliner,17.74,16.59,18.06,15.84,9.0,80,1.018,0.955,False,False,True,True,even,even
Tour,115,M. Damm,Attacking Baseliner,15.36,20.55,25.49,23.14,2.0,56,1.66,1.126,False,False,True,True,attacking,attacking
Tour,116,Y. Nishioka,,16.26,11.85,13.12,11.71,41.0,47,0.807,0.989,False,True,False,False,defensive,even
Tour,117,N. Basilashvili,,25.15,22.28,17.27,17.59,31.0,81,0.687,0.789,False,False,True,True,defensive,defensive
Tour,118,H. Gaston,Counter Puncher,15.51,15.64,13.2,14.51,12.0,95,0.851,0.928,True,True,False,False,defensive,even
Tour,119,D. Goffin,,18.24,15.75,15.53,13.71,75.0,80,0.851,0.87,False,True,False,False,defensive,defensive
Tour,123,J. Fearnley,Attacking Baseliner | All-Court Player,14.66,19.9,17.92,16.44,3.0,80,1.222,0.826,False,False,True,True,attacking,defensive
Tour,125,S. Wawrinka,Solid Baseliner,19.34,18.29,17.94,15.65,137.0,54,0.928,0.856,False,False,True,False,even,defensive
Tour,127,O. Virtanen,Attacking Baseliner,20.55,18.37,19.13,18.86,11.0,75,0.931,1.027,False,False,True,True,even,even
Tour,128,R. Carballes Baena,Counter Puncher,13.89,12.9,11.98,11.99,24.0,92,0.862,0.929,True,True,False,False,defensive,even
Tour,129,M. McDonald,,18.16,16,13.65,13.59,25.0,88,0.752,0.849,False,True,False,False,defensive,defensive
Tour,130,S. Mochizuki,All-Court Player,21.29,18.59,15.35,15.29,2.0,69,0.721,0.823,False,False,False,False,defensive,defensive
Tour,132,D. Lajovic,Solid Baseliner,19.02,15.22,15.1,13.86,42.0,92,0.794,0.911,False,True,False,False,defensive,even
Tour,133,H. Dellien,,18.46,18.74,13.37,13.79,9.0,61,0.724,0.736,False,False,False,False,defensive,defensive
Tour,133,N. Jarry,Attacking Baseliner,23.62,19.08,25.36,18.8,48.0,68,1.074,0.985,False,False,True,True,even,even
Tour,134,T. Barrios Vera,,24.3,19.03,13.46,13.55,4.0,64,0.554,0.712,False,False,False,False,defensive,defensive
Tour,136,P. Martinez,,15.71,14.41,13.88,12.15,30.0,94,0.884,0.844,True,True,False,False,defensive,defensive
Tour,138,F. Fognini,,23.0,19.29,16.39,14.51,47.0,39,0.713,0.752,False,False,True,False,defensive,defensive
Tour,138,F. Passaro,Solid Baseliner,31.27,17.09,16.84,15.97,2.0,44,0.539,0.934,False,False,True,True,defensive,even
Tour,141,S. Travaglia,,27.05,17.54,9.84,14.93,1.0,60,0.364,0.851,False,False,False,False,defensive,defensive
Tour,141,L. Klein,Attacking Baseliner | All-Court Player,19.85,17.77,19.65,16.61,3.0,55,0.99,0.935,False,False,True,True,even,even
Tour,147,D. Koepfer,,17.97,13.67,15.66,13.4,11.0,26,0.871,0.98,False,True,False,False,defensive,even
Tour,148,B. Harris,,20.18,18.16,11.14,15.08,3.0,94,0.552,0.83,False,False,False,False,defensive,defensive
Tour,150,C. O'Connell,,19.17,16.1,15.82,16.02,16.0,91,0.825,0.995,False,False,True,True,defensive,even
Tour,150,C. Wong,Big Server | Attacking Baseliner,15.56,18.98,18.22,18.1,3.0,84,1.171,0.953,False,False,True,True,attacking,even
Tour,151,L. Nardi,,20.76,18.44,14.36,12.97,8.0,74,0.692,0.704,False,False,False,False,defensive,defensive
Tour,152,Y. Bu,,,15.4,,13.95,,92,,0.906,False,True,False,False,n/a,even
Tour,153,F. Coria,Counter Puncher,17.89,14.58,11.36,10.23,10.0,28,0.635,0.702,False,True,False,False,defensive,defensive
Tour,154,P. Herbert,Attacking Baseliner | All-Court Player,16.71,18.87,19.37,19.02,15.0,69,1.159,1.008,False,False,True,True,attacking,even
Tour,154,G. Zeppieri,,20.65,18.61,13.77,17.85,3.0,52,0.667,0.959,False,False,False,True,defensive,even
Tour,154,N. Basavareddy,Attacking Baseliner | All-Court Player,13.74,17.4,16.4,14.72,20.0,70,1.194,0.846,True,False,True,False,attacking,defensive
Tour,155,D. E. Galan,,17.16,16.5,13.92,12.87,14.0,74,0.811,0.78,False,False,False,False,defensive,defensive
Tour,161,Y. Watanuki,Big Server | Attacking Baseliner,21.15,21.65,19.0,19.05,3.0,41,0.898,0.88,False,False,True,True,defensive,defensive
Tour,167,H. Mayot,All-Court Player,16.75,15.62,12.92,13.51,2.0,65,0.771,0.865,False,True,False,False,defensive,defensive
Tour,168,N. Mejia,,16.14,18.61,11.86,13.22,4.0,52,0.735,0.711,False,False,False,False,defensive,defensive
Tour,169,A. Bolt,,23.56,18.07,17.82,18.43,3.0,68,0.756,1.02,False,False,True,True,defensive,even
Tour,169,C. H. Tseng,Attacking Baseliner,12.24,15.87,14.74,12.75,3.0,81,1.204,0.803,False,True,False,False,attacking,defensive
Tour,171,E. Ymer,,28.12,16.83,12.75,14.02,2.0,58,0.453,0.833,False,False,False,False,defensive,defensive
Tour,172,T. Monteiro,Attacking Baseliner,15.27,17.7,16.51,15.85,13.0,70,1.081,0.896,True,False,True,True,even,defensive
Tour,175,H. Grenier,Attacking Baseliner,15.91,15.37,16.76,13.5,3.0,46,1.053,0.879,False,True,True,False,even,defensive
Tour,179,Y. Wu,,18.56,19.61,17.83,14.95,6.0,55,0.961,0.762,False,False,True,False,even,defensive
Tour,179,F. Diaz Acosta,,14.82,19.16,15.57,14,4.0,69,1.051,0.731,False,False,False,False,even,defensive
Tour,182,R. Gasquet,,14.53,11.72,15.93,14.5,95.0,28,1.096,1.237,True,True,True,False,even,attacking
Tour,182,C. Eubanks,Attacking Baseliner,21.81,15.77,20.25,16.41,17.0,37,0.928,1.041,False,True,True,True,even,even
Tour,185,D. Evans,Attacking Baseliner | All-Court Player,14.06,16.26,16.37,13.23,32.0,56,1.164,0.814,True,False,True,False,attacking,defensive
Tour,194,B. Tomic,Attacking Baseliner,17.35,16.86,17.98,13.91,31.0,55,1.036,0.825,False,False,True,False,even,defensive
Tour,195,J. Kubler,Solid Baseliner,19.52,12.66,15.72,12.71,6.0,12,0.805,1.005,False,True,False,False,defensive,even
Tour,195,J. Rodionov,Attacking Baseliner,24.16,17.45,19.7,14.94,2.0,62,0.815,0.856,False,False,True,False,defensive,defensive
Tour,197,C. Lestienne,,16.36,16.43,14.64,12.92,3.0,15,0.895,0.787,False,False,False,False,defensive,defensive
Tour,202,A. Molcan,Counter Puncher,18.34,18.2,12.91,13.46,11.0,43,0.704,0.739,False,False,False,False,defensive,defensive
Tour,203,M. Krueger,All-Court Player,16.41,19.57,9.16,14.63,2.0,56,0.558,0.748,False,False,False,False,defensive,defensive
Tour,220,L. Harris,Big Server,21.06,17.92,16.04,17.28,8.0,41,0.762,0.964,False,False,True,True,defensive,even
Tour,228,M. Cecchinato,Solid Baseliner,19.96,19.42,17.79,16.5,18.0,60,0.891,0.85,False,False,True,True,defensive,defensive
Tour,235,K. Coppejans,,20.74,21.43,14.07,14.13,1.0,54,0.678,0.659,False,False,False,False,defensive,defensive
Tour,238,K. Nishikori,Counter Puncher,17.63,17.35,14.86,14.12,72.0,37,0.843,0.814,False,False,False,False,defensive,defensive
Tour,239,Z. Zhang,Attacking Baseliner,18.94,15.46,18.41,16.56,26.0,73,0.972,1.072,False,True,True,True,even,even
Tour,243,D. Stricker,Attacking Baseliner,16.23,17.93,19.39,15.78,3.0,33,1.195,0.88,False,False,True,True,attacking,defensive
Tour,244,H. Habib,,15.85,21.54,14.63,16.95,1.0,26,0.923,0.787,False,False,False,True,even,defensive
Tour,244,M. Huesler,Attacking Baseliner,16.48,16.25,16.95,16.08,7.0,53,1.029,0.99,False,False,True,True,even,even
Tour,247,T. Seyboth Wild,Solid Baseliner,20.61,16.12,16.74,16.37,16.0,73,0.812,1.015,False,False,True,True,defensive,even
Tour,252,S. Kwon,Solid Baseliner,18.73,17.24,16.34,16.47,6.0,32,0.872,0.956,False,False,True,True,defensive,even
Tour,255,J. P. Varillas,,19.09,20.41,14.47,13.14,9.0,33,0.758,0.644,False,False,False,False,defensive,defensive
Tour,259,B. Hassan,Attacking Baseliner,8.94,21.86,15.45,18.95,1.0,55,1.728,0.867,False,False,False,True,attacking,defensive
Tour,269,A. Martin,,20.04,18.95,13.62,12.65,4.0,68,0.68,0.668,False,False,False,False,defensive,defensive
Tour,275,S. Nagal,,20.77,17.29,11.43,11.06,4.0,65,0.55,0.64,False,False,False,False,defensive,defensive
Tour,281,M. Kukushkin,,17.51,18.45,14.28,11.84,17.0,69,0.816,0.642,False,False,False,False,defensive,defensive
Tour,285,M. Mmoh,,13.73,18.91,12.25,14.05,5.0,37,0.892,0.743,False,False,False,False,defensive,defensive
Tour,293,B. Gojo,Big Server,22.63,19.58,18.42,17.45,1.0,41,0.814,0.891,False,False,True,True,defensive,defensive
Tour,296,N. Gombos,Solid Baseliner,20.1,23.43,15.88,12.54,3.0,36,0.79,0.535,False,False,True,False,defensive,defensive
Tour,306,Y. Uchiyama,Attacking Baseliner,10.86,20.93,17.23,15.79,3.0,45,1.587,0.755,False,False,True,True,attacking,defensive
Tour,330,T. Daniel,,17.48,13.92,12.73,13.22,12.0,81,0.728,0.949,False,True,False,False,defensive,even
Tour,334,A. Vavassori,Solid Baseliner,17.61,14.96,15.93,15.86,6.0,24,0.905,1.06,False,True,True,True,even,even
Tour,340,D. Schwartzman,,18.95,13.62,11.82,12.15,49.0,12,0.624,0.893,False,True,False,False,defensive,defensive
Tour,406,J. Shang,Solid Baseliner,18.06,14,17.14,14.97,11.0,64,0.949,1.069,False,True,True,False,even,even
Tour,430,R. Albot,Counter Puncher,16.78,18.27,12.47,13.16,18.0,53,0.743,0.72,False,False,False,False,defensive,defensive
Tour,431,F. Bagnis,,24.36,17.36,14.2,12.08,5.0,22,0.583,0.696,False,False,False,False,defensive,defensive
Tour,446,M. Marterer,,18.67,17.2,16.05,14.06,7.0,35,0.86,0.817,False,False,True,False,defensive,defensive
Tour,454,T. Kokkinakis,Big Server,16.37,14.66,17.58,17.32,28.0,32,1.074,1.182,False,True,True,True,even,attacking
Tour,454,P. Kotov,,15.65,16.59,12.71,14.11,7.0,68,0.812,0.85,False,False,False,False,defensive,defensive
Tour,515,J. Kovalik,,18.36,18.74,15.57,16.91,5.0,25,0.848,0.902,False,False,False,True,defensive,even
Tour,617,M. Ymer,Counter Puncher,17.14,17.85,12.1,13.27,14.0,4,0.706,0.743,False,False,False,False,defensive,defensive
Tour,639,H. Chung,Counter Puncher,19.62,22.97,11.88,13.07,12.0,21,0.606,0.569,False,False,False,False,defensive,defensive
Tour,664,A. Dougaz,,,18.46,,15.16,,22,,0.821,False,False,False,False,n/a,defensive
Tour,670,N. Kyrgios,Big Server,16.6,15.55,24.0,19.02,118.0,6,1.446,1.223,False,False,True,True,attacking,attacking
Tour,697,B. Balleret,,28.13,,8.33,,1.0,0,0.296,,False,False,False,False,defensive,n/a
Tour,1067,G. Brouwer,All-Court Player,18.23,12.38,14.34,12.07,16.0,21,0.787,0.975,False,True,False,False,defensive,even
